"","age","mean_ferc","BI_low","BI_high"
"var1",2,1.52555205119024,1.04781377423484,2.11399341151099
"var2",3,1.33978935438975,0.650562077538951,1.99522117842409
