"","age","mean_surv","BI_low","BI_high"
"var1",1,0.816503084867027,0.716446488960192,0.928374020840292
"var2",2,0.646118005576236,0.522643111455909,0.804987693328587
"var3",3,0.398447869651655,0.2195155646437,0.550834061702738
