"","age","mean_ferc","BI_low","BI_high"
"var1",2,1.30020287406361,0.969332044291009,1.71740578962141
"var2",3,1.53539722404079,1.16161579886689,1.96261131039529
