"","age","mean_ferc","BI_low","BI_high"
"var1",1,0.167452602513396,0.0348480326449467,0.395855169808574
"var2",2,1.54422682430959,0.341545627114719,3.29633745887819
"var3",3,2.19550438427629,0.7803662700431,6.5573280601866
"var4",4,1.95250696210167,0.606139470144929,5.24720007717051
"var5",5,1.93968909974751,0.633641104280272,5.21223961163953
"var6",6,1.80837161034556,0.574743708332696,4.87688718081891
"var7",7,1.73706990142531,0.290894981855584,4.10336375600258
"var8",8,1.94123402497471,0.495048371031054,4.78187019390348
