"","age","mean_Harv","BI_low","BI_high"
"var1",1,0.544892272772174,0.270830680822842,0.761123171151311
"var2",2,0.577686220047972,0.346237691999502,0.756997437466804
"var3",3,0.61726087898279,0.39622993716654,0.788663308955988
"var4",4,0.650245040626959,0.435977126613268,0.814228487737728
"var5",5,0.746264375857875,0.548803148709183,0.882849858342857
"var6",6,0.80472381654959,0.58062095923031,0.930688093691182
"var7",7,0.802682874777807,0.591853091207625,0.932706443806136
"var8",8,0.783235602371686,0.486174866581116,0.955371991631494
