"","age","mean_surv","BI_low","BI_high"
"var1",1,0.850954789255757,0.800739355478325,0.897751119079111
"var2",2,0.82117837023244,0.765326601016084,0.87549130143539
"var3",3,0.830200986367809,0.774765944551036,0.881316730006526
"var4",4,0.829985158488605,0.775449150982377,0.880313896768587
"var5",5,0.829563042501067,0.772688499323531,0.882126109001892
"var6",6,0.828673568126153,0.769308550499754,0.877755063005542
"var7",7,0.826648117964254,0.759741375000653,0.87349401261982
"var8",8,0.83036914867516,0.777503576528884,0.883002706689582
