"","age","mean_ferc","BI_low","BI_high"
"1",1,0.162436743465676,0.114643903383634,0.262156053018564
"2",2,1.31374311066075,0.801088792948919,1.88588926481095
"3",3,1.81079300087735,1.20165952104581,4.23388552426649
"4",4,1.71522504521548,1.19824780877268,2.9136277835716
"5",5,1.59520379914763,0.879550133506467,2.16186894344305
"6",6,1.65666424316796,1.04008397346927,2.75358033609802
"7",7,1.64941328979463,1.04526429444841,2.45098704471245
"8",8,1.7316077324103,1.1484611974788,3.27327180243733
