"","age","mean_Harv","BI_low","BI_high"
"1",1,0.434566996208654,0.218651492680724,0.636312281040572
"2",2,0.467760877631375,0.236666998384186,0.689137518730819
"3",3,0.558467337413703,0.314876481942045,0.786111080779465
"4",4,0.581351558739418,0.33644411373351,0.796227457441893
"5",5,0.684297062425441,0.406249538107549,0.887501267554184
"6",6,0.749072168698242,0.449012800119569,0.928302886142577
"7",7,0.781659418880161,0.529649505720287,0.928498396600082
"8",8,0.767268312125763,0.479239601896752,0.981166949191639
