"","age","mean_surv","BI_low","BI_high"
"var1",1,0.851677114711162,0.818991495660922,0.888002248534823
"var2",2,0.820286348405204,0.782353354030365,0.856308852296966
"var3",3,0.833431743906321,0.801157428532614,0.872672152104702
"var4",4,0.829670053559989,0.790670666682672,0.865417360790911
"var5",5,0.830718163952526,0.792798333188857,0.869472605861067
"var6",6,0.824294660531569,0.773319010994171,0.860971046145191
"var7",7,0.828257236473355,0.779423566043827,0.866299180059469
"var8",8,0.829368749195938,0.789534698020221,0.86703902335878
