"","Estimate","Std..Error","t.value","Pr...t..","adjRsqr"
"init",-0.000122235991433739,2.35231345013985e-05,-5.19641595496007,0.000223213877390347,0.666690073373047
"X",-0.00128218218742559,0.000184063990415402,-6.96595887404111,1.50450187819266e-05,0.785211242305983
"X.1",-0.00162276120074562,0.000214665971107836,-7.55947108137805,6.68167992409422e-06,0.811990937524635
